temperature_K,x1_left,x1_right
2.920000000000000000e+02,1.225176085963605027e-02,9.877482391403639150e-01
2.960000000000000000e+02,1.292350777662924430e-02,9.870764922233706828e-01
3.000000000000000000e+02,1.361924565494362915e-02,9.863807543450563431e-01
3.040000000000000000e+02,1.433897449457919443e-02,9.856610255054207848e-01
3.080000000000000000e+02,1.508269429553595053e-02,9.849173057044640078e-01
3.120000000000000000e+02,1.585040505781389053e-02,9.841495949421861233e-01
3.160000000000000000e+02,1.664210678141301442e-02,9.833578932185869093e-01
3.200000000000000000e+02,1.745779946633332566e-02,9.825422005336665876e-01
3.240000000000000000e+02,1.829748311257482080e-02,9.817025168874251584e-01
3.280000000000000000e+02,1.916115772013750329e-02,9.808388422798625106e-01
3.320000000000000000e+02,2.004882328902136968e-02,9.799511767109786442e-01
3.360000000000000000e+02,2.096047981922642342e-02,9.790395201807735592e-01
3.400000000000000000e+02,2.192011827207384841e-02,9.780798817279261481e-01
3.440000000000000000e+02,2.287975672492127341e-02,9.771202432750787370e-01
3.480000000000000000e+02,2.388737710041106618e-02,9.761126228995888887e-01
3.520000000000000000e+02,2.489499747590086243e-02,9.751050025240991515e-01
3.560000000000000000e+02,2.595059977403302992e-02,9.740494002259669770e-01
3.600000000000000000e+02,2.703019303348638130e-02,9.729698069665135840e-01
3.640000000000000000e+02,2.813377725426092005e-02,9.718662227457390834e-01
3.680000000000000000e+02,2.928534339767783004e-02,9.707146566023221457e-01
3.720000000000000000e+02,3.043690954109473656e-02,9.695630904589052079e-01
3.760000000000000000e+02,3.163645760715401434e-02,9.683635423928459440e-01
3.800000000000000000e+02,3.285999663453448294e-02,9.671400033654654615e-01
3.840000000000000000e+02,3.410752662323613543e-02,9.658924733767638715e-01
3.880000000000000000e+02,3.540303853458015571e-02,9.645969614654198443e-01
3.920000000000000000e+02,3.672254140724536681e-02,9.632774585927545985e-01
3.960000000000000000e+02,3.806603524123176180e-02,9.619339647587682451e-01
4.000000000000000000e+02,3.945751099786052457e-02,9.605424890021394546e-01
4.040000000000000000e+02,4.087297771581047817e-02,9.591270222841894455e-01
4.080000000000000000e+02,4.231243539508160872e-02,9.576875646049183288e-01
4.120000000000000000e+02,4.377588403567393704e-02,9.562241159643259936e-01
4.160000000000000000e+02,4.528731459890862621e-02,9.547126854010913322e-01
4.200000000000000000e+02,4.684672708478569009e-02,9.531532729152142336e-01
4.240000000000000000e+02,4.843013053198393786e-02,9.515698694680160274e-01
4.280000000000000000e+02,5.003752494050337646e-02,9.499624750594966027e-01
4.320000000000000000e+02,5.169290127166518284e-02,9.483070987283347408e-01
4.360000000000000000e+02,5.337226856414817311e-02,9.466277314358517714e-01
4.400000000000000000e+02,5.507562681795235421e-02,9.449243731820475833e-01
4.440000000000000000e+02,5.685095795572008698e-02,9.431490420442798506e-01
4.480000000000000000e+02,5.865028005480901058e-02,9.413497199451910102e-01
